{
  "routes": [
    {
      "method": "GET",
      "path": "/courses",
      "handler": "courses.find",
      "config": {
        "policies": []
      }
    },
    {
      "method": "GET",
      "path": "/courses/count",
      "handler": "courses.count",
      "config": {
        "policies": []
      }
    },
    {
      "method": "GET",
      "path": "/courses/:id",
      "handler": "courses.findOne",
      "config": {
        "policies": []
      }
    },
    {
      "method": "POST",
      "path": "/courses",
      "handler": "courses.create",
      "config": {
        "policies": []
      }
    },
    {
      "method": "PUT",
      "path": "/courses/:id",
      "handler": "courses.update",
      "config": {
        "policies": []
      }
    },
    {
      "method": "DELETE",
      "path": "/courses/:id",
      "handler": "courses.delete",
      "config": {
        "policies": []
      }
    }
  ]
}
